City,City,Country,Date,Lat,Lng,Cloudiness (%),Humidity (%),Max Temp (F),Wind Speed (mph)
0,Bariloche,AR,1681416521,-41.1456,-71.3082,11,45,59.45,3.04
1,Kolosovka,RU,1681416660,56.4678,73.611,100,92,21.83,15.39
2,Gorgan,IR,1681416660,36.8387,54.4348,0,82,57.16,0.0
3,Kaitangata,NZ,1681416660,-46.2817,169.8464,74,84,52.77,12.28
4,Bluff,NZ,1681416661,-46.6,168.3333,11,80,52.81,17.87
5,Temuco,CL,1681416661,-38.7333,-72.6,9,37,71.37,2.98
6,Nantucket,US,1681416662,41.2835,-70.0995,0,59,71.74,17.27
7,Karasjok,NO,1681416663,69.4719,25.5112,10,93,22.05,9.06
8,Punta Arenas,CL,1681416663,-53.15,-70.9167,0,65,46.42,5.75
9,Mazagão,BR,1681416457,-0.115,-51.2894,97,67,84.25,5.55
10,Alofi,NU,1681416663,-19.0595,-169.9187,75,74,82.29,16.11
11,Iqaluit,CA,1681416664,63.7506,-68.5145,86,79,18.7,2.46
12,Los Llanos de Aridane,ES,1681416664,28.6585,-17.9182,75,88,64.15,16.11
13,Qaanaaq,GL,1681416664,77.484,-69.3632,5,83,10.15,1.77
14,Mataura,NZ,1681416665,-46.1927,168.8643,8,89,52.48,8.12
15,Kloulklubed,PW,1681416665,7.0419,134.2556,28,77,75.7,12.08
16,Mar del Plata,AR,1681416526,-38.0023,-57.5575,40,67,59.09,16.11
17,Longyearbyen,SJ,1681416666,78.2186,15.6401,75,69,33.64,4.61
18,Ushuaia,AR,1681416666,-54.8,-68.3,0,66,47.82,3.44
19,Lamar,US,1681416666,33.6668,-95.5836,40,45,77.65,6.91
20,Mutare,ZW,1681416666,-18.9707,32.6709,19,98,60.57,3.69
21,Busselton,AU,1681416667,-33.65,115.3333,67,70,53.82,21.12
22,Necochea,AR,1681416667,-38.5473,-58.7368,100,59,56.23,19.77
23,Puerto Ayora,EC,1681416668,-0.7393,-90.3518,96,86,89.56,8.01
24,Ribeira Grande,PT,1681416668,38.5167,-28.7,75,88,63.77,13.0
25,Mahébourg,MU,1681416668,-20.4081,57.7,20,88,77.25,5.75
26,Bengkulu,ID,1681416668,-3.8004,102.2655,64,89,75.78,3.76
27,Birjand,IR,1681416669,32.8663,59.2211,75,17,75.67,11.5
28,Albany,US,1681416410,42.6001,-73.9662,3,43,86.41,10.65
29,Vila Franca do Campo,PT,1681416670,37.7167,-25.4333,57,83,63.01,6.26
30,Quartucciu,IT,1681416670,39.2519,9.1794,0,59,55.99,10.36
31,Lima,PE,1681416108,-12.0432,-77.0282,0,61,80.85,13.8
32,Jacksonville,US,1681416551,30.3322,-81.6556,75,81,78.98,13.8
33,Arraial do Cabo,BR,1681416565,-22.9661,-42.0278,0,74,80.46,14.97
34,Port Elizabeth,ZA,1681416671,-33.918,25.5701,2,70,63.32,7.0
35,Río Gallegos,AR,1681416672,-51.6226,-69.2181,0,46,50.05,3.44
36,Allonnes,FR,1681416672,47.9674,0.1581,0,81,46.44,4.61
37,Borda da Mata,BR,1681416672,-22.2742,-46.1653,46,83,72.68,0.74
38,Barrow,US,1681416672,71.2906,-156.7887,0,77,-5.78,8.05
39,Matadi,CD,1681416673,-5.8167,13.45,19,83,77.22,1.68
40,Rikitea,PF,1681416673,-23.1203,-134.9692,100,91,71.92,9.57
41,Husavik,IS,1681416673,66.0449,-17.3389,93,90,36.64,5.08
42,Cabra,ES,1681416673,37.4725,-4.4421,100,30,56.53,4.92
43,Abrau-Dyurso,RU,1681416673,44.69,37.59,100,94,49.48,16.44
44,Nagykálló,HU,1681416674,47.8749,21.8408,94,77,53.38,8.43
45,Chokurdakh,RU,1681416674,70.6333,147.9167,100,95,-0.06,6.26
46,Ancud,CL,1681416674,-41.8697,-73.8203,5,57,59.85,2.68
47,Saskylakh,RU,1681416675,71.9167,114.0833,58,99,-15.84,5.99
48,Batagay-Alyta,RU,1681416675,67.8006,130.4114,99,91,-0.27,4.09
49,Hermanus,ZA,1681416675,-34.4187,19.2345,29,81,63.81,14.16
50,Norman Wells,CA,1681416675,65.282,-126.8329,100,88,21.85,6.51
51,Viedma,AR,1681416676,-40.8135,-62.9967,2,41,55.78,10.65
52,Airai,TL,1681416676,-8.9266,125.4092,37,93,60.26,2.35
53,Praia,CV,1681416676,14.9215,-23.5087,66,69,75.74,14.97
54,Bonthe,SL,1681416676,7.5264,-12.505,12,82,80.38,9.98
55,Sioux Lookout,CA,1681416677,50.1001,-91.917,100,72,44.15,8.37
56,Geraldton,AU,1681416678,-28.7667,114.6,75,52,64.81,24.16
57,Jamestown,US,1681416382,42.097,-79.2353,0,29,80.24,12.66
58,Guerrero Negro,MX,1681416679,27.9769,-114.0611,7,56,63.82,18.95
59,Atar,MR,1681416679,20.5169,-13.0499,66,34,89.69,1.57
60,Insar,RU,1681416679,53.8653,44.3738,100,64,46.83,25.93
61,Bayangol,RU,1681416679,50.6977,103.4656,8,92,6.42,2.8
62,Faanui,PF,1681416680,-16.4833,-151.75,22,71,81.79,8.63
63,San Matías,BO,1681416680,-16.3667,-58.4,72,62,87.62,4.65
64,George Town,MY,1681416666,5.4112,100.3354,20,79,84.13,0.0
65,Makakilo City,US,1681416680,21.3469,-158.0858,0,58,80.92,16.11
66,East London,ZA,1681416681,-33.0153,27.9116,78,68,65.3,11.5
67,Altamont,US,1681416681,42.2068,-121.7372,0,35,45.9,5.01
68,Ilhabela,BR,1681416682,-23.7781,-45.3581,1,82,77.27,3.33
69,Kununurra,AU,1681416683,-15.7667,128.7333,100,94,75.18,1.14
70,Aklavik,CA,1681416683,68.2191,-135.0107,100,89,0.18,10.51
71,Vila,PT,1681416684,42.0304,-8.1588,100,95,43.68,4.56
72,Port Alfred,ZA,1681416684,-33.5906,26.891,14,92,59.18,1.01
73,Tuktoyaktuk,CA,1681416685,69.4541,-133.0374,78,92,-5.55,7.02
74,Karratha,AU,1681416685,-20.7377,116.8463,100,43,83.37,23.2
75,Kavieng,PG,1681416685,-2.5744,150.7967,48,78,82.6,11.9
76,Sittwe,MM,1681416686,20.15,92.9,3,80,79.34,3.71
77,Butaritari,KI,1681416686,3.0707,172.7902,53,80,81.1,13.2
78,Vaini,TO,1681416687,-21.2,-175.2,20,74,82.56,8.05
79,Ipixuna,BR,1681416687,-1.7625,-48.8043,100,91,80.44,3.74
80,Rafrāf,TN,1681416688,37.1904,10.1837,100,69,57.51,28.43
81,Novosheshminsk,RU,1681416689,55.0651,51.2338,100,64,41.85,21.77
82,Banjar,ID,1681416689,-8.19,114.9675,100,91,78.01,5.28
83,Cherskiy,RU,1681416690,68.75,161.3,63,100,-10.39,4.36
84,Quatre Cocos,MU,1681416691,-20.2078,57.7625,0,82,77.09,1.79
85,Hobart,AU,1681416692,-42.8794,147.3294,75,94,54.27,5.75
86,Laredo,US,1681416487,27.5064,-99.5075,0,34,84.49,11.5
87,Belozërskoye,RU,1681416693,55.8214,65.5842,100,78,25.05,18.01
88,Chimoré,BO,1681416694,-16.9833,-65.1333,49,92,79.93,2.68
89,Bredasdorp,ZA,1681416694,-34.5322,20.0403,1,71,61.43,14.34
90,Stornoway,GB,1681416694,58.2093,-6.3865,40,86,44.56,4.61
91,Verkhnyaya Sinyachikha,RU,1681416695,57.976,61.6673,10,72,15.44,8.88
92,Moussoro,TD,1681416695,13.6408,16.4901,0,11,85.96,14.43
93,Nogliki,RU,1681416695,51.8333,143.1667,98,92,24.42,10.33
94,Cayenne,GF,1681416695,4.9333,-52.3333,75,94,77.04,8.05
95,Vostok,RU,1681416696,46.4856,135.8833,50,97,23.86,1.92
96,Miranda,CO,1681416696,3.2499,-76.2281,100,69,80.78,3.11
97,Kisangani,CD,1681416696,0.5167,25.2,100,97,72.09,3.58
98,Iquique,CL,1681416570,-20.2208,-70.1431,0,71,75.24,5.21
99,Chapais,CA,1681416697,49.7834,-74.8492,100,83,41.47,13.65
100,Inhambane,MZ,1681416697,-23.865,35.3833,0,80,72.73,9.46
101,Port Augusta,AU,1681416697,-32.5,137.7667,18,64,57.52,5.12
102,Upernavik,GL,1681416697,72.7868,-56.1549,100,88,18.64,5.21
103,Paraíso,CR,1681416697,9.8383,-83.8656,68,75,81.46,4.43
104,Bubaque,GW,1681416698,11.2833,-15.8333,16,78,76.86,14.58
105,Hong Kong,HK,1681416514,22.2855,114.1577,93,87,75.38,8.01
106,Yellowknife,CA,1681416445,62.456,-114.3525,100,79,24.57,8.01
107,Fare,PF,1681416698,-16.7,-151.0167,17,69,81.5,9.19
108,São Filipe,CV,1681416698,14.8961,-24.4956,65,79,73.85,5.95
109,Yerbogachën,RU,1681416698,61.2767,108.0108,100,84,21.06,11.92
110,Saint-Augustin,CA,1681416699,51.226,-58.6502,100,74,42.26,10.78
111,Westport,US,1681416699,41.1415,-73.3579,0,29,91.11,11.5
112,Avarua,CK,1681416416,-21.2078,-159.775,92,65,80.65,8.05
113,Vardø,NO,1681416699,70.3705,31.1107,0,69,28.38,23.02
114,Souillac,MU,1681416699,-20.5167,57.5167,20,88,75.58,5.75
115,Yambio,SS,1681416700,4.5721,28.3955,100,95,68.32,3.62
116,Yangi Marg`ilon,UZ,1681416700,40.4272,71.7189,0,82,57.92,4.61
117,Saint-Philippe,RE,1681416700,-21.3585,55.7679,66,83,76.59,1.83
118,Kapaa,US,1681416701,22.0752,-159.319,11,80,78.78,8.99
119,Petropavlovka,RU,1681416701,50.6114,105.3196,0,62,22.12,0.92
120,Umm Kaddadah,SD,1681416701,13.6017,26.6876,1,13,75.99,12.62
121,Areosa,PT,1681416701,41.7178,-8.8571,100,79,54.93,9.44
122,Coyhaique,CL,1681416701,-45.5752,-72.0662,0,33,61.41,8.05
123,Samfya,ZM,1681416702,-11.3649,29.5565,23,92,64.45,4.5
124,Djibouti,DJ,1681416702,11.5,42.5,98,74,77.34,16.53
125,Bintulu,MY,1681416702,3.1667,113.0333,66,87,77.5,1.23
126,Kilinochchi,LK,1681416702,9.3961,80.3982,1,89,76.12,5.66
127,New Norfolk,AU,1681416702,-42.7826,147.0587,74,90,53.92,1.21
128,Hithadhoo,MV,1681416703,-0.6,73.0833,57,70,83.16,6.85
129,Mackay,AU,1681416703,-21.15,149.2,0,48,62.69,11.86
130,Thompson,CA,1681416704,55.7435,-97.8558,100,100,35.49,3.31
131,Hamilton,US,1681416620,39.1834,-84.5333,0,26,82.99,4.61
132,Cabo San Lucas,MX,1681416310,22.8909,-109.9124,20,44,85.6,14.97
133,Hilo,US,1681416704,19.7297,-155.09,100,92,73.27,6.91
134,Laguna,US,1681416704,38.421,-121.4238,0,29,64.78,13.8
135,Cape Town,ZA,1681416600,-33.9258,18.4232,5,66,66.38,5.48
136,Matagami,CA,1681416705,49.7502,-77.6328,100,87,42.3,8.72
137,Cururupu,BR,1681416705,-1.8283,-44.8683,86,73,82.71,5.39
138,Bol,TD,1681416705,13.4586,14.7147,5,36,82.17,14.97
139,Ahipara,NZ,1681416705,-35.1667,173.1667,37,93,63.18,7.05
140,Kismayo,SO,1681416706,-0.3582,42.5454,74,74,82.22,10.11
141,Salalah,OM,1681416706,17.0151,54.0924,20,70,84.29,4.61
142,La Santisima Trinidad,BO,1681416706,-14.8333,-64.9,73,70,86.34,6.17
143,Blyth,GB,1681416707,55.1271,-1.5086,75,87,45.46,12.66
144,Bhadrāchalam,IN,1681416707,17.6667,80.8833,20,44,84.9,4.05
145,Fortuna,US,1681416452,40.5982,-124.1573,27,66,54.93,5.01
146,Ziyang,CN,1681416708,29.2497,117.8547,100,97,63.18,0.67
147,Whitehorse,CA,1681416708,60.7161,-135.0538,98,59,38.1,11.99
148,Dikson,RU,1681416708,73.5069,80.5464,96,100,-9.24,11.5
149,Waitati,NZ,1681416708,-45.75,170.5667,100,77,54.81,8.14
150,Kapoeta,SS,1681416709,4.7717,33.5903,75,61,78.08,4.43
151,Werder,DE,1681416709,52.3787,12.934,100,81,53.06,2.28
152,Outram,MY,1681416709,1.2829,103.8379,75,94,80.62,3.44
153,Bloemfontein,ZA,1681416710,-29.1211,26.214,100,41,60.28,4.61
154,Vanimo,PG,1681416710,-2.6741,141.3028,83,87,76.78,5.66
155,Logan Lake,CA,1681416710,50.4998,-120.8025,100,93,41.22,1.43
156,Khovd,MN,1681416710,48.0056,91.6419,17,32,30.65,7.7
157,Forsytheganj,BY,1681416710,52.6333,29.7333,100,90,46.17,9.53
158,Santa Cruz de la Sierra,BO,1681416710,-17.8,-63.1667,75,89,78.26,12.66
159,Atuona,PF,1681416711,-9.8,-139.0333,97,70,79.95,4.61
160,Coari,BR,1681416711,-4.085,-63.1414,75,65,87.8,3.0
161,Rincon,US,1681416711,32.296,-81.2354,100,83,72.86,14.97
162,Preobrazheniye,RU,1681416711,42.9019,133.9064,1,56,39.79,4.68
163,Saint George,US,1681416712,37.1041,-113.5841,40,25,71.94,14.97
164,Grand Gaube,MU,1681416712,-20.0064,57.6608,0,84,77.38,1.59
165,Sovetskiy,RU,1681416712,61.3614,63.5842,72,98,1.42,4.0
166,Clyde River,CA,1681416712,70.4692,-68.5914,81,79,8.71,5.59
167,Graaff-Reinet,ZA,1681416713,-32.2522,24.5308,99,64,57.92,5.46
168,Pevek,RU,1681416713,69.7008,170.3133,97,95,1.08,2.42
169,Oranjemund,NA,1681416713,-28.55,16.4333,100,88,58.66,8.84
170,Natal,BR,1681416714,-5.795,-35.2094,75,74,83.05,9.22
171,Lebu,CL,1681416714,-37.6167,-73.65,44,83,60.03,6.02
172,Wagar,SD,1681416714,16.1525,36.2032,7,45,77.94,17.13
173,Abnūb,EG,1681416714,27.2696,31.1511,0,21,68.52,3.85
174,Nanortalik,GL,1681416715,60.1432,-45.2371,100,83,35.2,3.69
175,Cantaura,VE,1681416715,9.3057,-64.3584,97,24,96.35,6.4
176,Paramonga,PE,1681416715,-10.6667,-77.8333,65,71,79.32,13.73
177,Kaka,TM,1681416715,37.3482,59.6143,100,17,89.83,15.68
178,Boyolangu,ID,1681416716,-8.1181,111.8935,100,90,75.27,4.12
179,Manuk Mangkaw,PH,1681416716,4.8,119.85,99,72,82.29,5.77
180,Torbay,CA,1681416716,47.6666,-52.7314,100,95,40.39,18.41
181,Ilulissat,GL,1681416716,69.2167,-51.1,100,93,26.62,4.61
182,Esmeralda,CU,1681416717,21.8525,-78.1169,84,48,88.38,6.69
183,Lompoc,US,1681416658,34.6391,-120.4579,20,60,70.02,21.0
184,Kurchum,KZ,1681416717,48.5722,83.6542,68,50,39.13,7.23
185,Nome,US,1681416425,64.5011,-165.4064,0,83,0.16,0.0
186,Flin Flon,CA,1681416718,54.7682,-101.865,97,68,42.13,3.58
187,St. George's,GD,1681416439,12.0564,-61.7485,100,72,79.48,11.54
188,Bahía de Caráquez,EC,1681416718,-0.6,-80.4167,63,76,84.38,9.4
189,Weyburn,CA,1681416718,49.6668,-103.8511,100,96,37.18,10.92
190,Brae,GB,1681416718,60.3964,-1.353,100,90,43.34,12.62
191,San Policarpo,PH,1681416719,12.1791,125.5072,35,90,77.63,5.1
192,Saint-Ambroise,CA,1681416719,48.5501,-71.3324,100,81,53.67,11.68
193,Tabuk,PH,1681416719,17.4189,121.4443,72,90,74.25,2.19
194,Cidreira,BR,1681416719,-30.1811,-50.2056,100,84,66.63,12.12
195,Bhīnmāl,IN,1681416719,25.0,72.25,100,29,81.63,8.93
196,Deep River,CA,1681416459,46.1001,-77.4995,19,64,79.95,9.89
197,Talnakh,RU,1681416720,69.4865,88.3972,100,98,-12.41,7.78
198,Melilla,ES,1681416720,35.2937,-2.9383,0,45,66.58,13.8
199,Khatanga,RU,1681416720,71.9667,102.5,100,93,6.8,20.51
200,Launceston,AU,1681416721,-41.45,147.1667,100,96,48.15,8.05
201,Tiksi,RU,1681416721,71.6872,128.8694,100,86,5.29,4.41
202,Vao,NC,1681416721,-22.6667,167.4833,100,91,74.25,7.38
203,Švenčionys,LT,1681416721,55.15,26.1667,100,83,45.1,4.36
204,Trujillo,PE,1681416722,-8.116,-79.03,20,66,85.96,11.5
205,Santa Rosa,PH,1681416542,14.3122,121.1114,100,96,76.08,2.71
206,Narsaq,GL,1681416723,60.9167,-46.05,100,78,48.42,1.61
207,Tura,IN,1681416723,25.5198,90.2201,100,24,76.89,3.42
208,Poum,NC,1681416724,-20.2333,164.0167,100,90,76.08,10.6
209,Ati,TD,1681416725,13.2154,18.3353,2,12,89.51,18.99
210,Ponta do Sol,PT,1681416726,32.6667,-17.1,65,73,68.0,5.82
211,Kumul,CN,1681416534,42.8,93.45,85,33,52.36,1.12
212,Sitka,US,1681416726,57.0531,-135.33,100,81,40.89,9.22
213,Ābdānān,IR,1681416727,32.9926,47.4198,24,65,51.71,3.4
214,The Valley,AI,1681416727,18.217,-63.0578,20,74,80.74,11.5
215,Bethel,US,1681416728,41.3712,-73.414,0,29,89.85,8.05
216,Murud,IN,1681416731,18.3258,72.965,100,53,85.37,4.94
217,Yar-Sale,RU,1681416732,66.8333,70.8333,69,90,-0.49,17.2
218,Carnarvon,AU,1681416732,-24.8667,113.6333,73,59,70.39,26.82
219,Putatan,MY,1681416733,5.9258,116.0609,20,94,77.02,5.99
220,Wakkanai,JP,1681416733,45.4094,141.6739,81,82,36.86,9.62
221,Lagoa,PT,1681416490,39.05,-27.9833,100,83,61.77,11.16
222,Iraray,PH,1681416734,8.9936,118.0511,62,87,76.5,2.26
223,Hervey Bay,AU,1681416735,-25.2986,152.8535,0,55,66.0,7.61
224,Itupiranga,BR,1681416736,-5.1347,-49.3267,74,76,82.72,3.38
225,Nikolskoye,RU,1681416736,59.7035,30.7861,100,73,39.09,10.85
226,Cesvaine,LV,1681416736,56.9667,26.3167,100,77,49.96,7.27
227,Bambous Virieux,MU,1681416737,-20.3428,57.7575,20,88,77.22,5.75
228,Esfarāyen,IR,1681416737,37.0765,57.5101,100,44,55.06,3.02
229,Saldanha,ZA,1681416738,-33.0117,17.9442,30,79,61.11,9.04
230,Flinders,AU,1681416738,-34.5833,150.8552,34,91,61.18,5.99
231,Constitución,CL,1681416656,-35.3333,-72.4167,44,71,61.77,7.65
232,Ongandjera,NA,1681416738,-17.8833,15.0667,9,27,82.31,5.23
233,Mehamn,NO,1681416739,71.0357,27.8492,0,69,33.75,14.97
234,Ōdachō-ōda,JP,1681416740,35.1833,132.5,100,64,53.31,10.29
235,Itoman,JP,1681416740,26.1247,127.6694,75,96,73.42,10.36
236,Morant Bay,JM,1681416741,17.8815,-76.4093,42,69,87.71,10.92
237,Bonwapitse,BW,1681416741,-23.0766,26.7037,1,31,73.62,6.33
238,North Platte,US,1681416741,41.1239,-100.7654,0,14,90.37,21.99
239,Gamboma,CG,1681416741,-1.8764,15.8644,13,75,77.56,1.77
240,Mossamedes,AO,1681416679,-15.1961,12.1522,31,72,73.96,7.43
241,Faya,SA,1681416742,18.3851,42.4509,0,66,59.52,4.03
242,Olginskaya,RU,1681416742,47.1879,39.9492,100,86,54.93,19.77
243,Te Anau,NZ,1681416670,-45.4167,167.7167,39,94,46.49,1.57
244,Monrovia,LR,1681416466,6.3005,-10.7969,49,84,80.71,10.11
245,Isangel,VU,1681416743,-19.55,169.2667,100,86,80.19,9.51
246,Utiel,ES,1681416743,39.5667,-1.2,34,34,50.32,9.04
247,Tsimmerbude,RU,1681416744,54.675,20.1347,100,91,50.05,8.12
248,Hangzhou,CN,1681416591,30.2937,120.1614,100,88,60.89,3.91
249,Tasiilaq,GL,1681416744,65.6145,-37.6368,96,90,37.56,2.24
250,Puri,IN,1681416745,19.8,85.85,0,78,81.12,12.19
251,Kuril'sk,RU,1681416745,45.2333,147.8833,100,75,36.03,9.91
252,Clovis,US,1681416629,36.8252,-119.7029,20,41,62.47,11.5
253,Saint Paul Harbor,US,1681416495,57.79,-152.4072,100,60,40.51,6.91
254,Kirakira,SB,1681416750,-10.4544,161.9205,100,84,80.94,4.79
255,Mount Isa,AU,1681416750,-20.7333,139.5,93,52,64.17,0.0
256,Tutóia,BR,1681416751,-2.7619,-42.2744,95,77,81.77,9.01
257,Hasaki,JP,1681416529,35.7333,140.8333,15,70,57.6,18.45
258,Carlisle,US,1681416628,40.2015,-77.1889,4,22,87.53,4.0
259,La Ronge,CA,1681416751,55.1001,-105.2842,76,85,36.61,2.55
260,Tevaitoa,PF,1681416752,-16.7833,-151.5,22,70,81.79,9.04
261,Viranşehir,TR,1681416752,37.2353,39.7631,44,83,46.76,0.87
262,Port Hardy,CA,1681416752,50.6996,-127.4199,100,70,44.78,10.36
263,Arona,ES,1681416753,28.0996,-16.681,0,82,61.12,25.32
264,Leningradskiy,RU,1681416753,69.3833,178.4167,75,94,-6.21,4.52
265,Shingū,JP,1681416754,33.7333,135.9833,100,65,52.11,4.38
266,Olafsvik,IS,1681416754,64.8945,-23.7142,93,71,38.48,8.39
267,Leh,IN,1681416754,34.1667,77.5833,4,46,21.76,3.76
268,Bhachāu,IN,1681416755,23.2833,70.35,0,39,82.69,8.57
269,Oodweyne,SO,1681416755,9.4092,45.064,77,66,73.54,11.01
270,Burns Lake,CA,1681416756,54.2331,-125.7533,67,66,37.74,6.62
271,Taoudenni,ML,1681416756,22.6783,-3.9836,20,8,87.55,6.33
272,Xining,CN,1681416757,36.6167,101.7667,93,82,37.6,3.62
273,Šiauliai,LT,1681416757,55.9333,23.3167,100,81,48.22,8.05
274,Biloela,AU,1681416757,-24.4167,150.5,0,54,57.25,3.47
275,Carroll,US,1681416758,39.5501,-77.0164,2,27,86.31,8.01
276,Nuuk,GL,1681416758,64.1835,-51.7216,75,65,38.01,9.22
277,Anadyr,RU,1681416758,64.75,177.4833,0,84,-8.9,6.71
278,Esperance,AU,1681416758,-33.8667,121.9,100,66,59.11,32.46
279,Caravelas,BR,1681416758,-17.7125,-39.2481,31,83,78.85,5.48
280,Ust'-Omchug,RU,1681416759,61.15,149.6333,100,90,-2.33,4.41
281,Morondava,MG,1681416759,-20.2833,44.2833,0,76,78.08,5.77
282,Popondetta,PG,1681416759,-8.7537,148.2534,100,94,74.52,1.86
283,Deputatsky,RU,1681416759,69.3,139.9,100,98,-2.69,1.48
284,Skibbereen,IE,1681416760,51.55,-9.2667,100,82,49.1,5.61
285,Cockburn Town,TC,1681416760,21.4612,-71.1419,65,77,78.57,12.66
286,Angra dos Reis,BR,1681416760,-23.0067,-44.3181,4,82,76.98,2.68
287,Maniitsoq,GL,1681416760,65.4167,-52.9,62,77,31.98,4.32
288,Van,TR,1681416761,38.4924,43.3831,75,70,38.55,6.91
289,Sri Aman,MY,1681416761,1.2376,111.4621,40,100,72.84,0.74
290,Santa Isabel,BR,1681416712,-23.3156,-46.2214,23,82,83.5,3.98
291,Kaduy,RU,1681416761,59.2,37.15,13,68,30.9,12.03
292,Coquimbo,CL,1681416507,-29.9533,-71.3436,0,72,65.93,11.5
293,Loudi,CN,1681416762,27.7344,111.9944,16,95,69.96,3.53
294,Lüderitz,NA,1681416762,-26.6481,15.1594,31,68,60.98,14.14
295,São Miguel do Araguaia,BR,1681416762,-13.275,-50.1628,98,77,81.63,5.06
296,Forestville,US,1681416762,38.8451,-76.875,0,22,89.78,10.36
297,Chui,UY,1681416763,-33.6971,-53.4616,18,53,62.38,11.52
298,Hay River,CA,1681416763,60.8156,-115.7999,100,77,32.4,6.08
299,Praia da Vitória,PT,1681416763,38.7333,-27.0667,76,92,63.75,11.77
300,Porto Nacional,BR,1681416763,-10.7081,-48.4172,76,69,87.8,2.64
301,Honiara,SB,1681416763,-9.4333,159.95,82,89,78.17,0.83
302,Manicoré,BR,1681416764,-5.8092,-61.3003,100,74,84.11,3.2
303,Nossa Senhora das Dores,BR,1681416764,-10.4917,-37.1933,100,72,78.08,11.21
304,Jining,CN,1681416764,35.405,116.5814,59,94,58.73,4.59
305,Araouane,ML,1681416764,18.9048,-3.5265,64,10,86.61,9.04
306,Scarborough,GB,1681416674,54.2797,-0.4044,67,86,45.66,5.01
307,Noumea,NC,1681416765,-22.2763,166.4572,100,99,79.0,8.55
308,Kalmunai,LK,1681416765,7.4167,81.8167,13,84,79.39,3.83
309,Pahlgām,IN,1681416765,34.0333,75.3333,100,53,39.24,11.97
310,Mombetsu,JP,1681416766,44.3525,143.3525,18,75,37.45,7.65
311,Asău,RO,1681416766,46.4333,26.4,16,82,42.28,3.44
312,San Cristobal,VE,1681416766,7.7669,-72.225,100,37,87.03,6.26
313,Lewiston,US,1681416559,44.1003,-70.2148,0,34,81.43,8.05
314,Fairview,US,1681416689,40.8126,-73.999,0,24,92.12,17.27
315,Riyadh,SA,1681416765,24.6877,46.7219,100,35,68.14,11.9
316,Tāybād,IR,1681416767,34.74,60.7756,100,17,80.8,16.33
317,Nizwá,OM,1681416767,22.9333,57.5333,50,45,81.05,3.44
318,Tiarei,PF,1681416767,-17.5333,-149.3333,14,69,86.02,11.65
319,Terrace,CA,1681416767,54.5163,-128.6035,100,74,42.76,3.56
320,Iquitos,PE,1681416767,-3.7481,-73.2472,75,74,80.64,4.61
321,Linjiang,CN,1681416768,41.8069,126.9078,100,91,41.77,0.74
322,Kushmurun,KZ,1681416768,52.4503,64.6311,100,56,53.11,3.91
323,Namatanai,PG,1681416768,-3.6667,152.4333,100,84,79.9,12.28
324,Rawson,AR,1681416674,-43.3002,-65.1023,5,44,53.89,7.34
325,Bull Savanna,JM,1681416768,17.8868,-77.5902,24,69,80.62,9.48
326,Kawalu,ID,1681416769,-7.3817,108.2082,98,96,72.37,1.3
327,Quincy,US,1681416471,42.2529,-71.0023,0,26,90.59,8.05
328,Mulegé,MX,1681416769,26.8833,-111.9833,47,32,80.15,4.54
329,Lorengau,PG,1681416769,-2.0226,147.2712,81,81,81.63,13.89
330,Sweetwater,US,1681416769,25.7634,-80.3731,75,67,86.02,17.27
331,Avera,US,1681416770,33.194,-82.5271,100,78,67.51,15.52
332,Kamina,CD,1681416770,-8.7386,24.9906,70,95,65.21,2.59
333,Nanlong,CN,1681416770,31.3533,106.0631,100,71,63.88,5.1
334,Yulara,AU,1681416770,-25.2406,130.9889,100,44,74.98,10.83
335,Kilcullen,IE,1681416770,53.1303,-6.7444,100,88,43.77,4.05
336,Chifeng,CN,1681416771,42.2683,118.9636,79,47,43.77,4.43
337,Torit,SS,1681416771,4.4133,32.5678,93,68,75.25,2.37
338,São José da Coroa Grande,BR,1681416771,-8.8978,-35.1478,90,70,79.29,7.76
339,Kangaatsiaq,GL,1681416771,68.3065,-53.4641,97,79,27.48,2.01
340,Homer,US,1681416629,59.6425,-151.5483,100,93,39.07,8.01
341,Taltal,CL,1681416772,-25.4,-70.4833,19,68,69.89,8.43
342,Krasnosel'kup,RU,1681416772,65.7,82.4667,87,100,-10.25,8.08
343,College,US,1681416772,64.8569,-147.8028,20,73,15.58,3.44
344,Humaitá,BR,1681416772,-7.5061,-63.0208,97,81,83.88,1.5
345,Eureka,US,1681416772,40.8021,-124.1637,55,64,61.66,5.99
346,Shakawe,BW,1681416773,-18.3667,21.85,41,35,73.99,5.61
347,Mbanza-Ngungu,CD,1681416773,-5.25,14.8667,15,87,69.67,2.15
348,Vallenar,CL,1681416773,-28.5708,-70.7581,0,28,80.65,9.17
349,Pingxiang,CN,1681416773,27.6167,113.85,9,96,69.12,0.63
350,Sabla,NG,1681416774,12.7525,4.7077,100,12,90.97,8.55
351,Kavaratti,IN,1681416774,10.5669,72.642,100,74,83.57,4.54
352,Kaina,NG,1681416774,12.6374,8.5873,38,14,83.3,7.65
353,Tambovka,RU,1681416774,50.0969,128.0489,98,50,28.08,10.85
354,Fairbanks,US,1681416774,64.8378,-147.7164,40,73,15.6,3.44
355,Ixtapa,MX,1681416775,20.7,-105.2,40,50,79.83,9.22
356,Vila Velha,BR,1681416775,-20.3297,-40.2925,75,84,80.94,8.05
357,Sur,OM,1681416775,22.5667,59.5289,0,49,85.6,5.23
358,Ipu,BR,1681416776,-4.3222,-40.7108,100,81,78.98,4.23
359,Bandarbeyla,SO,1681416776,9.4942,50.8122,80,76,82.98,8.93
360,Camabatela,AO,1681416776,-8.1881,15.375,74,94,63.82,1.61
361,Millinocket,US,1681416496,45.6573,-68.7098,0,33,71.71,9.22
362,Mgandu,TZ,1681416776,-5.95,34.1333,99,98,61.05,4.36
363,Syumsi,RU,1681416776,57.1111,51.6149,13,64,29.35,13.11
364,Shangzhi,CN,1681416777,45.2167,127.9667,0,51,35.31,2.68
365,Novoagansk,RU,1681416777,61.9449,76.6625,81,97,-2.52,8.66
366,Emerald,AU,1681416777,-23.5333,148.1667,0,40,61.12,8.41
367,Provideniya,RU,1681416777,64.3833,-173.3,7,82,3.22,4.03
368,Along,IN,1681416778,28.1667,94.7667,22,73,66.92,1.83
369,Fredericton,CA,1681416582,45.9454,-66.6656,100,72,63.01,6.51
370,Ulaangom,MN,1681416778,49.9811,92.0667,23,71,22.89,1.92
371,Kahului,US,1681416778,20.8947,-156.47,40,68,78.82,13.8
372,Itaituba,BR,1681416779,-4.2761,-55.9836,100,81,82.92,0.76
373,Dingle,PH,1681416779,10.9995,122.6711,100,89,74.91,2.08
374,Romny,UA,1681416779,50.751,33.4747,100,94,47.14,11.52
375,Henties Bay,NA,1681416779,-22.116,14.2845,0,82,59.16,9.01
376,Ondarroa,ES,1681416779,43.3167,-2.4167,100,89,52.09,7.36
377,Mahajanga,MG,1681416779,-15.7167,46.3167,62,75,79.38,4.14
378,Lata,PT,1681416780,40.1629,-8.3327,90,87,56.8,4.52
379,Waipawa,NZ,1681416780,-41.4122,175.5153,100,89,53.96,9.89
380,Turbat,PK,1681416780,26.0023,63.044,0,48,81.95,3.04
381,Camacha,PT,1681416781,33.0833,-16.3333,75,77,62.02,14.97
382,Zelenoborskiy,RU,1681416781,66.845,32.3622,33,97,7.99,1.83
383,Shubarkuduk,KZ,1681416781,49.1447,56.4872,100,35,62.13,16.6
384,Castro,BR,1681416781,-24.7911,-50.0119,51,68,70.86,3.22
385,Talant,FR,1681416781,47.3369,5.0089,0,81,39.81,3.44
386,Plettenberg Bay,ZA,1681416782,-34.0527,23.3716,0,84,59.61,9.53
387,Mattru,SL,1681416782,7.6244,-11.8332,51,74,82.0,5.93
388,Temple,US,1681416469,31.0982,-97.3428,20,52,79.65,11.5
389,Codrington,AU,1681416782,-38.2667,141.9667,5,95,52.81,8.93
390,Luau,AO,1681416783,-10.7073,22.2247,87,95,65.25,4.36
391,Portland,US,1681416736,45.5234,-122.6762,100,62,53.11,5.01
392,General Roca,AR,1681416783,-39.0333,-67.5833,100,44,59.63,9.24
393,Traverse City,US,1681416683,44.7631,-85.6206,40,24,84.31,13.8
394,Yumen,CN,1681416784,40.2833,97.2,100,37,43.11,11.34
395,Lufilufi,WS,1681416785,-13.8745,-171.5986,39,76,85.78,9.42
396,Kitimat,CA,1681416785,54.0524,-128.6534,100,67,41.92,1.01
397,Temir,KZ,1681416785,49.1414,57.13,100,37,60.71,14.61
398,Cabedelo,BR,1681416785,-6.9811,-34.8339,89,72,83.07,10.4
399,Shache,CN,1681416786,38.4167,77.2406,71,20,60.12,6.46
400,San Angelo,US,1681416747,31.4638,-100.437,0,27,85.28,13.8
401,Morón,AR,1681416786,-34.6534,-58.6198,0,39,66.97,7.29
402,Maïné Soroa,NE,1681416786,13.2114,12.0241,5,13,82.71,7.87
403,Xai-Xai,MZ,1681416787,-25.0519,33.6442,0,75,71.47,10.94
404,Wenling,CN,1681416787,28.3669,121.36,97,98,62.22,5.01
405,Houma,US,1681416790,29.5958,-90.7195,75,64,72.0,4.61
406,Marystown,CA,1681416668,47.1666,-55.1483,71,100,46.85,11.99
407,Tomigusuku,JP,1681416791,26.185,127.675,75,96,73.17,10.36
408,Chicama,PE,1681416792,-7.8447,-79.1469,97,65,84.74,10.96
409,Sailāna,IN,1681416796,23.4667,74.9167,90,28,82.04,7.52
410,Ekibastuz,KZ,1681416796,51.6667,75.3667,100,39,50.4,10.58
411,Kysyl-Syr,RU,1681416796,63.8986,122.7617,87,100,0.68,1.21
412,Arman',RU,1681416797,59.7,150.1667,100,79,21.02,8.52
413,Roald,NO,1681416797,62.5833,6.1333,0,46,51.94,11.5
414,Rodolfo Sánchez Taboada,MX,1681416797,31.7167,-116.5667,93,61,59.11,4.0
415,Estevan,CA,1681416798,49.1334,-102.9842,100,94,35.94,12.86
416,Port Jervis,US,1681416798,41.3751,-74.6927,3,26,90.28,10.27
417,Bathsheba,BB,1681416798,13.2167,-59.5167,20,61,83.01,17.27
418,Hambantota,LK,1681416798,6.1241,81.1185,20,85,79.27,5.61
419,Caçu,BR,1681416799,-18.5567,-51.1308,89,69,82.02,3.18
420,Bayan,CN,1681416799,46.0833,127.4,5,55,34.9,4.88
421,Carutapera,BR,1681416800,-1.195,-46.02,100,77,81.88,7.81
422,Denpasar,ID,1681416788,-8.65,115.2167,20,88,76.71,4.61
423,Aykhal,RU,1681416800,66.0,111.5,100,100,4.6,8.86
424,Sept-Îles,CA,1681416801,50.2001,-66.3821,75,80,41.0,4.61
425,Oruzgan,AF,1681416801,32.8333,66.0,0,21,63.37,2.84
426,Prince Rupert,CA,1681416801,54.3161,-130.3201,100,87,40.69,13.8
427,Tumpat,MY,1681416802,6.1978,102.171,22,91,77.85,4.61
428,Lubango,AO,1681416802,-14.9172,13.4925,72,85,61.68,4.72
429,Grindavik,IS,1681416802,63.8424,-22.4338,100,93,44.55,5.75
430,Mamlyutka,KZ,1681416802,54.9375,68.5394,70,81,32.41,18.99
431,Aksaray,TR,1681416803,38.3726,34.0254,5,59,45.23,4.94
432,Sacoşu Turcesc,RO,1681416803,45.6519,21.4289,0,76,54.99,8.05
433,Novy Urengoy,RU,1681416803,66.0833,76.6333,77,94,-5.1,16.82
434,Duki,PK,1681416804,30.1541,68.5728,0,24,74.91,9.04
435,Katsuura,JP,1681416804,35.1333,140.3,64,70,62.01,15.84
436,Hofn,IS,1681416804,64.2539,-15.2082,100,76,42.75,13.27
437,Ndélé,CF,1681416804,8.4109,20.6473,66,69,75.72,5.37
438,Severnyy,RU,1681416805,50.677,36.5532,100,93,44.64,13.42
439,Petropavlovsk-Kamchatskiy,RU,1681416805,53.0452,158.6483,100,100,30.79,4.47
440,Fuling,CN,1681416806,29.7022,107.3919,100,91,66.43,2.64
441,Province of Mantua,IT,1681416806,45.1667,10.7833,100,87,49.15,8.7
442,Görele,TR,1681416807,41.0308,39.0031,100,91,49.15,4.94
443,Alice Springs,AU,1681416807,-23.7,133.8833,100,49,69.35,0.0
444,Salto,UY,1681416533,-31.3833,-57.9667,20,49,67.87,6.91
445,Grand-Lahou,CI,1681416808,5.1367,-5.0242,6,86,81.45,8.05
446,Puerto Escondido,MX,1681416536,15.85,-97.0667,20,66,88.63,6.91
447,Nālūt,LY,1681416808,30.3333,10.85,74,13,72.73,8.12
448,Chinhoyi,ZW,1681416808,-17.3667,30.2,71,76,65.98,4.0
449,Andenes,NO,1681416808,69.3143,16.1194,0,70,40.98,9.22
450,Coahuayana Viejo,MX,1681416809,18.7333,-103.6833,6,34,90.43,8.23
451,Tucuruí,BR,1681416668,-3.7661,-49.6725,65,80,83.79,3.69
452,San Quintín,MX,1681416810,30.4833,-115.95,49,62,59.61,17.67
453,Muroto-misakicho,JP,1681416810,33.2833,134.15,100,73,60.44,5.53
454,Port Lincoln,AU,1681416810,-34.7333,135.8667,92,69,60.8,14.47
455,Guéret,FR,1681416810,46.1667,1.8667,100,98,38.23,5.93
456,Shelburne,CA,1681416810,44.0787,-80.2041,0,44,80.11,16.06
457,Algiers,DZ,1681416723,36.7525,3.042,40,72,57.02,3.44
458,Longonjo,AO,1681416811,-12.9067,15.2533,100,88,64.29,2.73
459,Pyaozerskiy,RU,1681416811,65.8333,31.1667,5,94,15.58,3.56
460,Cap Malheureux,MU,1681416812,-19.9842,57.6142,0,84,77.47,1.39
461,Yong’an,CN,1681416812,39.6957,113.6871,61,33,45.55,7.18
462,Port-Gentil,GA,1681416812,-0.7193,8.7815,20,94,80.56,2.3
463,Nyrob,RU,1681416813,60.733,56.7202,30,78,17.58,6.67
464,Padang,ID,1681416813,-0.9492,100.3543,90,88,77.52,2.24
465,Ostrovnoy,RU,1681416814,68.0531,39.5131,15,82,15.51,15.23
466,Kalabo,ZM,1681416814,-14.97,22.6814,90,59,71.56,3.33
467,Pisco,PE,1681416814,-13.7,-76.2167,20,64,82.02,12.15
468,Acapulco de Juárez,MX,1681416814,16.8634,-99.8901,40,62,87.62,16.11
469,Pozo Colorado,PY,1681416815,-23.4923,-58.7972,100,98,70.14,6.38
470,Severo-Kuril'sk,RU,1681416819,50.6789,156.125,6,88,30.74,6.73
471,Paragominas,BR,1681416819,-2.9667,-47.4833,100,90,80.47,1.45
472,Necoclí,CO,1681416819,8.4234,-76.786,94,80,83.1,10.65
473,Hirara,JP,1681416819,24.8,125.2833,100,90,74.43,14.94
474,Orocué,CO,1681416819,4.7912,-71.3354,100,31,97.59,5.17
475,Talara,PE,1681416820,-4.5772,-81.2719,40,62,86.76,8.05
476,Lock Haven,US,1681416820,41.137,-77.4469,2,33,87.98,9.08
477,Huarmey,PE,1681416820,-10.0681,-78.1522,64,71,80.71,12.48
478,Agua Buena,PA,1681416820,7.8167,-80.4,86,99,96.76,15.48
479,Mandalgovi,MN,1681416821,45.7625,106.2708,0,52,20.7,9.13
480,Zunyi,CN,1681416821,27.6867,106.9072,31,95,63.57,3.96
481,Shepetivka,UA,1681416821,50.1855,27.0637,99,92,46.89,3.8
482,Sinnamary,GF,1681416821,5.3833,-52.95,80,77,81.18,9.44
483,Atasū,KZ,1681416821,48.6814,71.6433,100,42,52.84,9.26
484,Soyo,AO,1681416822,-6.1349,12.3689,53,76,80.24,4.32
485,Três Passos,BR,1681416822,-27.4556,-53.9319,100,77,68.59,6.08
486,Plouzané,FR,1681416822,48.3833,-4.6167,100,71,48.25,10.36
487,Half Moon Bay,US,1681416609,37.4636,-122.4286,0,35,67.53,9.22
488,Hualmay,PE,1681416822,-11.0964,-77.6139,52,70,79.36,13.04
489,Camaná,PE,1681416823,-16.6228,-72.7111,7,73,75.0,9.53
490,Zalari,RU,1681416823,53.5584,102.5065,20,65,27.03,8.21
491,Umeå,SE,1681416823,63.8284,20.2597,0,55,33.73,6.91
492,Aswān,EG,1681416823,24.0934,32.907,1,21,69.78,10.74
493,Hoi An,VN,1681416823,15.8794,108.335,71,96,80.56,7.07
494,Bois-Guillaume,FR,1681416823,49.4602,1.1222,75,87,46.18,6.91
495,Conceição do Araguaia,BR,1681416824,-8.2578,-49.2647,100,76,84.18,3.49
496,Escárcega,MX,1681416824,18.6089,-90.7454,27,24,101.28,1.3
497,Rocha,UY,1681416824,-34.4833,-54.3333,4,45,63.03,12.08
498,Bahía Blanca,AR,1681416824,-38.7196,-62.2724,100,30,62.82,4.0
499,Tupik,RU,1681416825,54.4253,119.9327,84,98,5.7,1.99
500,Pascagoula,US,1681416825,30.3658,-88.5561,40,67,72.03,6.91
501,Samarai,PG,1681416825,-10.6167,150.6667,100,77,80.65,10.04
502,Porosozero,RU,1681416825,62.7191,32.727,7,87,22.37,8.5
503,Changli,CN,1681416552,39.7042,119.1506,98,46,53.11,10.07
504,Tuatapere,NZ,1681416825,-46.1333,167.6833,54,95,48.56,4.47
505,Ballina,AU,1681416826,-28.8667,153.5667,57,81,55.78,11.05
506,Rovaniemi,FI,1681416826,66.5,25.7167,0,54,29.61,5.75
507,Bay Roberts,CA,1681416826,47.5999,-53.2648,100,79,41.14,5.01
508,Saint-François,FR,1681416826,46.4154,3.9054,0,79,42.96,2.3
509,Ajdabiya,LY,1681416827,30.7554,20.2263,0,17,72.03,9.17
510,Verkhnedneprovskiy,RU,1681416827,54.9813,33.3457,100,60,50.13,15.93
511,Nyakahanga,TZ,1681416827,-1.6033,31.1414,99,91,59.61,3.2
512,Muzhi,RU,1681416831,65.3667,64.6667,2,86,-3.08,8.25
513,Ocampo,MX,1681416831,21.65,-101.5,70,11,75.31,22.84
514,Ouango,CF,1681416831,4.3133,22.5552,74,90,73.42,3.78
515,Vung Tau,VN,1681416831,10.346,107.0843,89,79,80.98,8.34
516,Ozernovskiy,RU,1681416831,51.5,156.5167,88,92,34.32,5.53
517,Malazgirt,TR,1681416832,39.1427,42.5401,87,89,37.04,8.1
518,Kamyshevatskaya,RU,1681416832,46.4132,37.9563,100,83,49.73,20.89
519,Diamantino,BR,1681416832,-14.4086,-56.4461,97,72,84.09,2.3
520,Poso,ID,1681416832,-1.3959,120.7524,100,70,81.34,4.85
521,Remanso,BR,1681416832,-9.6179,-42.0831,66,38,87.71,3.76
522,Kargil,IN,1681416833,34.5667,76.1,28,64,27.27,3.58
523,Dibulla,CO,1681416833,11.2725,-73.3091,91,59,87.82,12.19
524,Kalanguy,RU,1681416833,51.0167,116.5167,98,79,25.25,3.02
525,Partizanskoye,RU,1681416833,55.5006,94.39,99,81,34.39,17.0
526,Gawler,AU,1681416834,-34.6,138.7333,14,84,59.97,7.99
527,Bac Lieu,VN,1681416834,9.285,105.7244,99,76,81.55,4.85
528,Bowen,AU,1681416834,-20.0167,148.2333,0,89,73.67,4.56
529,Abu Samrah,SY,1681416834,35.3029,37.1841,0,84,50.59,14.54
530,Mlonggo,ID,1681416834,-6.5333,110.7,100,88,76.66,5.19
531,Bealanana,MG,1681416835,-14.55,48.7333,84,95,64.8,0.89
532,Yaan,NG,1681416835,7.3833,8.5667,30,46,89.55,10.04
533,Balabac,PH,1681416835,7.9868,117.0645,51,75,80.01,3.33
534,Phalodi,IN,1681416835,27.1333,72.3667,3,16,88.57,1.68
535,Kutum,SD,1681416835,14.2,24.6667,6,16,74.5,10.47
536,Shitanjing,CN,1681416835,39.2342,106.3439,100,25,42.12,5.93
537,Taunton,GB,1681416836,51.0211,-3.1047,100,78,47.88,4.0
538,Ruska Poliana,UA,1681416836,49.417,31.9201,100,97,47.23,6.31
539,High Prairie,CA,1681416836,55.4334,-116.4858,34,31,47.93,5.32
540,Port Shepstone,ZA,1681416836,-30.7414,30.455,99,82,73.58,3.36
541,Strezhevoy,RU,1681416837,60.7333,77.5889,57,98,-1.66,6.82
542,Biak,ID,1681416837,-0.9131,122.8766,100,87,76.35,3.18
543,Qinzhou,CN,1681416837,21.95,108.6167,99,87,74.97,4.83
544,Petropavlovskoye,RU,1681416837,52.0712,84.107,50,58,42.93,10.8
545,Xunchang,CN,1681416837,28.4543,104.715,100,91,66.22,3.18
546,Laas,IT,1681416837,46.6166,10.7002,100,93,35.37,8.21
547,Lavrentiya,RU,1681416742,65.5833,-171.0,16,83,-0.22,7.09
548,Bhuj,IN,1681416838,23.2667,69.6667,0,52,80.01,9.31
549,Kabare,CD,1681416838,-2.4683,28.8242,100,95,61.18,1.12
550,Port Macquarie,AU,1681416838,-31.4333,152.9167,77,85,60.89,12.41
551,Neuquén,AR,1681416838,-38.9516,-68.0591,0,54,57.09,6.91
552,Spornoye,RU,1681416838,50.8448,37.2913,100,93,46.72,13.73
553,Fort-Shevchenko,KZ,1681416839,44.5086,50.263,100,88,50.83,15.14
554,Duque de Caxias,BR,1681416837,-22.7856,-43.3117,0,57,82.33,8.05
555,Turinsk,RU,1681416839,58.0458,63.696,8,77,12.6,9.31
